,query,results,text
0,sports shoes for men,sports shoes men,पुरुषों के लिए खेल के जूते
1,men shoes,men shoes,पुरुषों के जूते
2,men sports shoes,men sports shoes,पुरुषों के खेल के जूते
3,shoes for men,shoes men,पुरुषों के लिए जूते
4,women shoes,women shoes,महिलाओं के जूते
5,shoes for women,shoes women,महिलाओं के लिए जूते
6,shoes for women sports,shoes women sports,महिलाओं के खेल के लिए जूते
7,women sports shoes,women sports shoes,महिलाओं के खेल के जूते
8,sports shoes women,sports shoes women,खेल के जूते महिलाओं
9,nike sports shoes,nike sports shoes,नाइके के खेल के जूते
10,nike,nike,नाइके
11,nike shoes,nike shoes,नाइके के जूते
12,best sports shoes,sports shoes,सर्वश्रेष्ठ खेल के जूते
13,shoes for girls,shoes girls,लड़कियों के लिए जूते
14,girls sports shoes,girls sports shoes,लड़कियों के खेल के जूते
15,sports shoes for girls,sports shoes girls,लड़कियों के लिए खेल के जूते
16,girls shoes,girls shoes,लड़कियों के जूते
17,black shoes,black shoes,काले जूते
18,black sports shoes,black sports shoes,काले खेल के जूते
19,puma sports shoes,puma sports shoes,प्यूमा खेल के जूते
20,puma shoes,puma shoes,प्यूमा जूते
21,puma,puma,प्यूमा
22,nike shoes for men,nike shoes men,पुरुषों के लिए नाइके के जूते
23,sports shoes for men nike,sports shoes men,पुरुषों के लिए खेल के जूते नाइके
24,white shoes,white shoes,सफेद जूते
25,difference between sneakers and sports shoes,difference sneakers sports,स्नीकर्स और स्पोर्ट्स शूज में अंतर
26,campus shoes for women,campus shoes women,परिसर जूते महिलाओं के लिए
27,sports shoes without laces for men,sports shoes,पुरुषों के लिए बिना लेस वाले स्पोर्ट्स शूज़
28,sports shoes for 10 years boy,sports shoes,10 साल के लड़के के लिए खेल के जूते
29,canvas shoes for men,canvas shoes men,पुरुषों के लिए कैनवास के जूते
30,furo sports shoes,furo sports shoes,फ्यूरो स्पोर्ट्स शूज
31,lower for men,lower men,पुरुषों के लिए कम
32,asian sports shoes,asian sports shoes,एशियाई खेल के जूते
33,new balance sports shoes,balance sports shoes,नए संतुलन खेल के जूते
34,asian shoes for men,asian shoes men,पुरुषों के लिए एशियाई जूते
35,campus sports shoes for women,campus sports shoes,परिसर खेल के जूते महिलाओं के लिए
36,jordan shoes,jordan shoes,जॉर्डन के जूते
37,sports sandals for women,sports sandals women,महिलाओं के लिए स्पोर्ट्स सैंडल
38,red tape shoes for men,red tape shoes,पुरुषों के लिए लाल फीताशाही वाले जूते
39,asian shoes,asian shoes,एशियाई जूते
40,watches for men,watches men,पुरुषों के लिए देखता है
41,trekking shoes,trekking shoes,ट्रेकिंग जूते
42,black sneakers for men,black sneakers men,पुरुषों के लिए काले स्नीकर्स
43,nivia sports shoes,nivia sports shoes,निविया खेल के जूते
44,casual shoes for men,casual shoes men,पुरुषों के लिए आरामदायक जूते
45,new balance shoes,balance shoes,नए संतुलन के जूते
46,new balance,balance,नया शेष
47,badminton shoes for men,badminton shoes men,पुरुषों के लिए बैडमिंटन जूते
48,red tape sports shoes,red tape sports,लाल टेप खेल के जूते
49,red tape sports shoes for men,red tape sports,पुरुषों के लिए लाल टेप खेल के जूते
50,men shirts,men shirts,पुरुषों की शर्ट
51,shirts for men,shirts men,पुरुषों के लिए शर्ट
52,shirt,shirt,कमीज
53,women shirts,women shirts,महिलाओं की शर्ट
54,t shirt,shirt,टी शर्ट
55,mens shirts,mens shirts,पुरुषों की शर्ट
56,shirts for women,shirts women,महिलाओं के लिए शर्ट
57,t shirts for men,shirts men,पुरुषों के लिए टी शर्ट
58,polo shirts,polo shirts,पोलो शर्ट
59,printed shirts,printed shirts,मुद्रित शर्ट
60,formal shirts,formal shirts,औपचारिक शर्ट
61,white shirts,white shirts,सफेद शर्ट
62,cotton shirts,cotton shirts,सूती शर्ट
63,shirt for men,shirt men,पुरुषों के लिए शर्ट
64,black shirts,black shirts,काली शर्ट
65,polo t shirts,polo shirts,पोलो टी शर्ट
66,denim shirts,denim shirts,डेनिम शर्ट
67,t shirts for women,shirts women,महिलाओं के लिए टी शर्ट
68,linen shirts,linen shirts,लिनन शर्ट
69,allen solly,allen solly,एलन सोली
70,allen solly shirts,allen solly shirts,एलन सोली शर्ट
71,formal shirts for men,formal shirts men,पुरुषों के लिए औपचारिक शर्ट
72,shirts for boys,shirts boys,लड़कों के लिए शर्ट
73,peter england shirts,peter england shirts,पीटर इंग्लैंड शर्ट
74,peter england,peter england,पीटर इंग्लैंड
75,blue island shirts,blue island shirts,नीले द्वीप शर्ट
76,ketch shirts,ketch shirts,केच शर्ट
77,rrr shirts,rrr shirts,आरआरआर शर्ट
78,rubab shirts,rubab shirts,रूबाब शर्ट
79,the bear house shirts,bear house shirts,भालू घर शर्ट
80,snitch shirts,snitch shirts,स्निच शर्ट
81,oversized t shirt,oversized shirt,बड़े आकार की टी शर्ट
82,zudio,zudio,zudio
83,zudio shirts,zudio shirts,जूडियो शर्ट
84,double pocket shirts for men,double pocket shirts,पुरुषों के लिए डबल पॉकेट शर्ट
85,hm,hm ,एचएम
86,oversized t shirts,oversized shirts,बड़े आकार की टी शर्ट
87,h&m shirts men,shirts men,एच एंड एम शर्ट पुरुषों
88,balmain shirts,balmain shirts,बाल्मेन शर्ट
89,dennis lingo shirts,dennis lingo shirts,डेनिस लिंगो शर्ट
90,zudio t shirts,zudio shirts,जूडियो टी शर्ट
91,netplay t shirts,netplay shirts,नेटप्ले टी शर्ट
92,goa shirts for men,goa shirts men,पुरुषों के लिए गोवा शर्ट
93,armani exchange t shirts,armani exchange shirts,अरमानी एक्सचेंज टी शर्ट
94,h and m,h ,एच और एम
95,burberry t shirts,burberry shirts,बरबरी टी शर्ट
96,highlander shirts,highlander shirts,हाइलैंडर शर्ट
97,westside,westside,पश्चिम की ओर
98,armani exchange,armani exchange,अरमानी विनिमय
99,the souled store,souled store,आत्मा की दुकान
100,men pants,men pants,पुरुषों की पैंट
101,women pants,women pants,महिला पैंट
102,track pants,track pants,ट्रैक पैंट
103,pants for men,pants men,पुरुषों के लिए पैंट
104,cargo,cargo,माल
105,cargo pants,cargo pants,कार्गो पैंट
106,pants for women,pants women,महिलाओं के लिए पैंट
107,black pants,black pants,काली पैंट
108,jeans,jeans,जीन्स
109,pant,pant,पंत
110,formal pants,formal pants,औपचारिक पैंट
111,white pants,white pants,सफेद पतलून
112,jeans pants,jeans pants,जींस पैंट
113,mens pants,mens pants,पुरुषों की पैंट
114,palazzo pants,palazzo pants,पलाज़ो पैंट
115,girls pants,girls pants,लड़कियों की पैंट
116,cotton pants,cotton pants,सूती पैंट
117,men cargo pants,men cargo pants,पुरुषों कार्गो पैंट
118,grey pants,grey pants,ग्रे पैंट
119,mamy poko pants,mamy poko pants,हमारे पास पोको पैंट है
120,pants for girls,pants girls,लड़कियों के लिए पैंट
121,green pants,green pants,हरी पैंट
122,cargo pants for men,cargo pants men,पुरुषों के लिए कार्गो पैंट
123,straight pants,straight pants,सीधे पैंट
124,t shirt,shirt,टी शर्ट
125,pants straight song download,pants straight song,पैंट सीधे गाने डाउनलोड करें
126,harem pants with tops,harem pants tops,टॉप के साथ हैरम पैंट
127,teamspirit track pants,teamspirit track pants,टीम भावना ट्रैक पैंट
128,bonkers,bonkers,बोनर्स
129,parachute pants,parachute pants,पैराशूट पैंट
130,baggy pants men,baggy pants men,बैगी पैंट पुरुषों
131,oversized t shirt,oversized shirt,बड़े आकार की टी शर्ट
132,bonkers corner,bonkers corner,बोनर्स कॉर्नर
133,h&m cargo pants,cargo pants,एच एंड एम कार्गो पैंट
134,oversized pants,oversized pants,बड़े आकार की पैंट
135,zara cargo pants,zara cargo pants,ज़रा कार्गो पैंट
136,half pants full pants,half pants full,हाफ पैंट फुल पैंट
137,baggy pants mens,baggy pants mens,बैगी पैंट पुरुषों
138,black cargo pants for men,black cargo pants,काले कार्गो पैंट पुरुषों के लिए
139,beige pants women,beige pants women,बेज पैंट महिला
140,hm,hm ,एचएम
141,baggy jeans,baggy jeans,बैगी जींस
142,baggy pants,baggy pants,ढीली पैंट
143,flared pants for women,flared pants women,महिलाओं के लिए फ्लेयर्ड पैंट
144,trouser pants for women,trouser pants women,पतलून पैंट महिलाओं के लिए
145,brown pants for women,brown pants women,ब्राउन पैंट महिलाओं के लिए
146,men cargo pants,men cargo pants,पुरुषों कार्गो पैंट
147,women trouser pants,women trouser pants,महिला पतलून पैंट
148,baggy pants women,baggy pants women,बैगी पैंट महिलाओं
149,beige pants,beige pants,बेज पैंट
150,traditional dress,traditional dress,परंपरागत पोशाक
151,traditional kurta for men,traditional kurta men,पुरुषों के लिए पारंपरिक कुर्ता
152,kurta for men,kurta men,पुरुषों के लिए कुर्ता
153,traditional kurta pajama,traditional kurta pajama,पारंपरिक कुर्ता पायजामा
154,kurta pajama,kurta pajama,कुर्ता पायजामा
155,traditional kurta for women,traditional kurta women,महिलाओं के लिए पारंपरिक कुर्ता
156,kurta for women,kurta women,महिलाओं के लिए कुर्ता
157,dhoti,dhoti,धोती
158,dhoti kurta,dhoti kurta,धोती कुरता
159,traditional dress for men,traditional dress men,पुरुषों के लिए पारंपरिक पोशाक
160,kurta for boys,kurta boys,लड़कों के लिए कुर्ता
161,men traditional wear,men traditional wear,पुरुषों के पारंपरिक परिधान
162,traditional dress for women,traditional dress women,महिलाओं के लिए पारंपरिक पोशाक
163,kurta captions for instagram,kurta captions instagram,इंस्टाग्राम के लिए कुर्ता कैप्शन
164,traditional wear for men,traditional wear men,पुरुषों के लिए पारंपरिक वस्त्र
165,indian traditional dress,indian traditional dress,भारतीय पारंपरिक पोशाक
166,kurta set for women,kurta set women,महिलाओं के लिए कुर्ता सेट
167,traditional dress for girls,traditional dress girls,लड़कियों के लिए पारंपरिक पोशाक
168,v traditional kurta set,traditional kurta set,वी पारंपरिक कुर्ता सेट
169,manyavar,manyavar,मान्यवर
170,short kurta for men,short kurta men,पुरुषों के लिए लघु कुर्ता
171,chikankari kurta,chikankari kurta,चिकनकारी कुर्ता
172,white kurta for women,white kurta women,महिलाओं के लिए सफेद कुर्ता
173,dhoti kurta for women,dhoti kurta women,महिलाओं के लिए धोती कुर्ता
174,chikankari kurta,chikankari kurta,चिकनकारी कुर्ता
175,white kurta for women,white kurta women,महिलाओं के लिए सफेद कुर्ता
176,dhoti kurta for women,dhoti kurta women,महिलाओं के लिए धोती कुर्ता
177,traditional captions for instagram pinterest,traditional captions instagram,इंस्टाग्राम Pinterest के लिए पारंपरिक कैप्शन
178,traditional outfit captions for instagram for boy,traditional outfit captions,लड़के के लिए Instagram के लिए पारंपरिक पोशाक कैप्शन
179,bengali kurta for men,bengali kurta men,पुरुषों के लिए बंगाली कुर्ता
180,kurta set for women,kurta set women,महिलाओं के लिए कुर्ता सेट
181,v traditional kurta set,traditional kurta set,वी पारंपरिक कुर्ता सेट
182,kurta for women,kurta women,महिलाओं के लिए कुर्ता
183,traditional kurta for women,traditional kurta women,महिलाओं के लिए पारंपरिक कुर्ता
184,manyavar,manyavar,मान्यवर
185,kurta captions for instagram,kurta captions instagram,इंस्टाग्राम के लिए कुर्ता कैप्शन
186,maharashtra traditional dress,maharashtra traditional dress,महाराष्ट्र पारंपरिक पोशाक
187,short kurta for men,short kurta men,पुरुषों के लिए लघु कुर्ता
188,mamaearth makeup kit,mamaearth makeup kit,मामाअर्थ मेकअप किट
189,mamaearth makeup products,mamaearth makeup products,मामाअर्थ मेकअप उत्पाद
190,bharatanatyam makeup,bharatanatyam makeup,भरतनाट्यम मेकअप
191,kiss and makeup lyrics,kiss makeup lyrics,चुंबन और श्रृंगार गीत
192,mars makeup,mars makeup,मंगल श्रृंगार
193,must have makeup products,makeup products,मेकअप उत्पाद होना चाहिए
194,makeup kaise karen,makeup kaise karen,मेकअप कैसे करें
195,makeup bag for travel,makeup bag travel,यात्रा के लिए मेकअप बैग
196,sugar cosmetics,sugar cosmetics,चीनी सौंदर्य प्रसाधन
197,myglamm,myglamm,myglam
198,blue heaven makeup kit,blue heaven makeup,नीला स्वर्ग मेकअप किट
199,makeup kaise kiya jata hai,makeup kaise kiya,मेकअप कैसे किया जाता है
200,sugar makeup kit,sugar makeup kit,चीनी मेकअप किट
201,makeup wala game,makeup wala game,मेकअप नो गेम
202,best makeup fixer spray,makeup fixer spray,सबसे अच्छा मेकअप फिक्सर स्प्रे
203,makeup kaise karte hain,makeup kaise karte,मेकअप कैसे करते हैं
204,parul garg makeup fees,parul garg makeup,हेयर गर्ग मेकअप फीस
205,radha makeup look,radha makeup,राधा श्रृंगार देखो
206,makeup wala,makeup wala,कोई श्रृंगार नहीं
207,makeup karna,makeup karna,मेकअप करना
208,halloween makeup kids,halloween makeup kids,हेलोवीन मेकअप बच्चे
209,makeup forever hd foundation,makeup forever,मेकअप हमेशा के लिए एचडी फाउंडेशन
210,bhumika bansal makeup artist,bhumika bansal makeup,भूमिका बंसल मेकअप आर्टिस्ट
211,,,
